{
  "seed": 1234,
  "cuda": false,
  "shuffle": true,
  "subset": null,
  "train_size": 0.7,
  "batch_size": 128,
  "hidden_dim": 18,
  "dropout_p": 0.3234824010142044,
  "lr": 0.00012812683146894914,
  "num_epochs": 200,
  "patience": 10,
  "num_samples": 70
}