{
  "seed": 1234,
  "cuda": false,
  "shuffle": true,
  "subset": null,
  "train_size": 0.7,
  "batch_size": 128,
  "hidden_dim": 22,
  "dropout_p": 0.7762229143340429,
  "lr": 0.0003204917453444827,
  "num_epochs": 200,
  "patience": 10,
  "num_samples": 70
}