{
  "seed": 1234,
  "cuda": false,
  "shuffle": true,
  "subset": null,
  "train_size": 0.7,
  "batch_size": 128,
  "hidden_dim": 18,
  "dropout_p": 0.5038430488862331,
  "lr": 0.0002892481692139745,
  "num_epochs": 200,
  "patience": 10,
  "num_samples": 70
}