{
  "overall": {
    "precision": 0.9466666666666667,
    "recall": 0.9333333333333333,
    "f1": 0.9333333333333333,
    "num_samples": 15.0
  }
}